Member_number,zipcode
1808,ITC86013
2552,ITC57337
2300,ITC55811
1187,ITC85886
3037,ITC85886
4941,ITC18419
4501,ITC55811
3803,ITC18419
2762,ITC57337
4119,ITC18419
1340,ITC57337
2193,ITC58545
1997,ITC85886
4546,ITC18419
4736,ITC85886
1959,ITC18419
1974,ITC18419
2421,ITC55811
1513,ITC38865
1905,ITC85886
2810,ITC86013
2867,ITC38865
3962,ITC57337
1088,ITC55811
4976,ITC58545
4056,ITC57337
3611,ITC58545
1420,ITC18419
4286,ITC55811
4918,ITC18419
4783,ITC57337
3709,ITC18419
4289,ITC85886
1559,ITC86013
2900,ITC58545
3527,ITC18419
1495,ITC85886
3558,ITC55811
3128,ITC57337
1863,ITC57337
3841,ITC86013
3903,ITC18419
2658,ITC38865
4272,ITC55811
1120,ITC55811
2676,ITC57337
1697,ITC86013
2507,ITC57337
4620,ITC86013
3365,ITC85886
2978,ITC85886
2910,ITC57337
1061,ITC57337
3276,ITC38865
1326,ITC38865
3023,ITC38865
2185,ITC57337
3552,ITC18419
1967,ITC86013
4708,ITC57337
2874,ITC58545
4177,ITC57337
1663,ITC55811
2632,ITC85886
1377,ITC57337
4162,ITC57337
2270,ITC86013
4829,ITC57337
3811,ITC57337
4766,ITC38865
2436,ITC57337
3860,ITC55811
4875,ITC57337
1587,ITC55811
4038,ITC18419
4750,ITC18419
1199,ITC38865
1603,ITC18419
3111,ITC85886
3894,ITC58545
1456,ITC38865
2022,ITC86013
2505,ITC86013
4851,ITC18419
4293,ITC85886
2775,ITC58545
3693,ITC18419
1202,ITC58545
3699,ITC58545
4152,ITC58545
4155,ITC57337
4010,ITC55811
4389,ITC38865
3746,ITC55811
2560,ITC55811
1503,ITC85886
2555,ITC38865
3645,ITC38865
3886,ITC86013
2932,ITC57337
1711,ITC57337
4291,ITC55811
1143,ITC38865
4564,ITC57337
3337,ITC86013
4931,ITC18419
2623,ITC57337
4581,ITC57337
2635,ITC85886
1095,ITC38865
2990,ITC58545
2426,ITC57337
4555,ITC55811
3635,ITC38865
3058,ITC85886
4391,ITC58545
1306,ITC86013
1024,ITC85886
1295,ITC38865
1661,ITC85886
4591,ITC58545
3169,ITC18419
3915,ITC55811
1127,ITC38865
4828,ITC18419
3683,ITC55811
1971,ITC18419
3014,ITC55811
3779,ITC57337
2489,ITC85886
3564,ITC38865
4092,ITC85886
3221,ITC85886
1279,ITC57337
2581,ITC55811
2295,ITC85886
4760,ITC57337
3649,ITC85886
1075,ITC18419
3987,ITC55811
4106,ITC18419
4338,ITC86013
4166,ITC18419
1211,ITC55811
3954,ITC85886
3928,ITC57337
3827,ITC38865
4699,ITC85886
4747,ITC18419
3028,ITC86013
2851,ITC86013
4417,ITC38865
3822,ITC38865
2288,ITC38865
2184,ITC57337
4554,ITC86013
3361,ITC57337
2999,ITC85886
2614,ITC58545
4064,ITC58545
3567,ITC58545
2587,ITC38865
3783,ITC38865
1923,ITC57337
4835,ITC86013
1514,ITC38865
3154,ITC58545
1313,ITC86013
2794,ITC18419
2359,ITC58545
2238,ITC57337
3795,ITC85886
3724,ITC18419
1152,ITC58545
4559,ITC55811
3922,ITC55811
1709,ITC38865
2219,ITC86013
2206,ITC38865
1752,ITC18419
3942,ITC38865
3296,ITC57337
2257,ITC55811
4313,ITC58545
2001,ITC86013
2449,ITC18419
4914,ITC58545
2764,ITC38865
4187,ITC55811
1392,ITC58545
3427,ITC57337
1411,ITC85886
3390,ITC38865
4787,ITC86013
3310,ITC57337
1782,ITC38865
3375,ITC86013
2760,ITC85886
4249,ITC57337
2904,ITC18419
4090,ITC38865
3060,ITC18419
3768,ITC55811
1232,ITC86013
1360,ITC86013
1107,ITC18419
2865,ITC18419
2958,ITC55811
2448,ITC57337
1222,ITC85886
2943,ITC86013
3812,ITC55811
1482,ITC86013
4720,ITC58545
1344,ITC38865
2397,ITC57337
4182,ITC85886
4487,ITC18419
3467,ITC57337
2443,ITC18419
2749,ITC55811
1674,ITC58545
4262,ITC18419
2082,ITC85886
4494,ITC58545
2460,ITC58545
4509,ITC55811
2267,ITC86013
4891,ITC38865
4964,ITC86013
2914,ITC85886
2808,ITC58545
1085,ITC85886
3808,ITC86013
4149,ITC86013
2331,ITC86013
4475,ITC18419
2761,ITC38865
2620,ITC58545
3206,ITC18419
1226,ITC57337
1395,ITC18419
2465,ITC18419
3572,ITC57337
4387,ITC85886
1555,ITC86013
1181,ITC57337
2814,ITC58545
2912,ITC38865
4667,ITC85886
2235,ITC38865
2353,ITC85886
3449,ITC58545
1058,ITC57337
1027,ITC55811
3302,ITC38865
2229,ITC86013
2188,ITC86013
1547,ITC57337
1649,ITC58545
3254,ITC58545
2818,ITC38865
2703,ITC18419
3332,ITC85886
2473,ITC57337
1033,ITC86013
4222,ITC18419
3679,ITC58545
2212,ITC55811
1507,ITC55811
2870,ITC55811
3429,ITC58545
4148,ITC58545
2970,ITC86013
2013,ITC58545
3967,ITC55811
2885,ITC55811
3935,ITC18419
3283,ITC58545
3268,ITC85886
3677,ITC18419
3495,ITC85886
1410,ITC58545
2440,ITC58545
4088,ITC38865
2469,ITC85886
4229,ITC18419
2728,ITC55811
4694,ITC18419
2836,ITC58545
1311,ITC58545
1760,ITC18419
3656,ITC58545
3720,ITC55811
2996,ITC85886
1949,ITC58545
4498,ITC58545
2447,ITC58545
1952,ITC57337
4099,ITC58545
1804,ITC18419
1510,ITC86013
2879,ITC38865
4899,ITC85886
4326,ITC58545
1670,ITC18419
1117,ITC86013
1346,ITC85886
1178,ITC57337
4651,ITC58545
4243,ITC57337
4429,ITC86013
4645,ITC18419
4019,ITC86013
4459,ITC38865
3006,ITC86013
1834,ITC85886
3236,ITC55811
1765,ITC85886
3855,ITC18419
4392,ITC55811
3330,ITC55811
1723,ITC18419
4110,ITC57337
2600,ITC55811
2946,ITC18419
4170,ITC86013
1109,ITC38865
2055,ITC55811
2480,ITC86013
2441,ITC85886
1054,ITC58545
4818,ITC38865
3379,ITC58545
3939,ITC55811
1367,ITC85886
1043,ITC85886
2231,ITC38865
3235,ITC85886
3245,ITC57337
4186,ITC57337
3929,ITC86013
3760,ITC38865
4928,ITC55811
4217,ITC18419
1174,ITC86013
4103,ITC18419
4408,ITC55811
2588,ITC18419
2598,ITC85886
1518,ITC86013
2702,ITC38865
1001,ITC85886
2838,ITC18419
1683,ITC58545
4040,ITC57337
3897,ITC18419
2200,ITC85886
4073,ITC85886
3700,ITC86013
3973,ITC58545
2715,ITC55811
4002,ITC55811
2962,ITC85886
4340,ITC85886
2092,ITC85886
3143,ITC55811
2209,ITC86013
2816,ITC85886
2659,ITC85886
1588,ITC57337
1144,ITC85886
2166,ITC18419
3300,ITC38865
3944,ITC85886
4979,ITC86013
2630,ITC18419
4240,ITC57337
2357,ITC38865
1743,ITC85886
1643,ITC57337
1291,ITC58545
3675,ITC57337
4134,ITC38865
1363,ITC86013
4212,ITC38865
1500,ITC85886
2622,ITC85886
3543,ITC38865
2525,ITC18419
1264,ITC38865
3601,ITC38865
1771,ITC85886
1122,ITC58545
3507,ITC85886
4524,ITC58545
3612,ITC18419
3262,ITC18419
1897,ITC18419
1656,ITC58545
3953,ITC55811
1488,ITC57337
1652,ITC38865
4953,ITC86013
3445,ITC85886
3180,ITC86013
4934,ITC58545
2980,ITC58545
2763,ITC86013
4819,ITC57337
1850,ITC85886
4285,ITC58545
4366,ITC86013
2253,ITC55811
3398,ITC38865
2215,ITC85886
3737,ITC55811
2649,ITC58545
3203,ITC18419
4261,ITC85886
2435,ITC55811
2046,ITC18419
4267,ITC38865
1086,ITC58545
1992,ITC86013
3622,ITC85886
4700,ITC18419
2272,ITC86013
2519,ITC55811
2639,ITC58545
1466,ITC85886
4122,ITC86013
3598,ITC55811
3097,ITC38865
1873,ITC58545
1537,ITC55811
3960,ITC58545
1136,ITC86013
2453,ITC57337
1746,ITC86013
3246,ITC86013
3207,ITC57337
1042,ITC58545
1176,ITC57337
3054,ITC58545
4486,ITC85886
1580,ITC86013
1623,ITC58545
4169,ITC38865
2254,ITC85886
4095,ITC38865
3242,ITC38865
2227,ITC86013
3847,ITC38865
1799,ITC85886
2920,ITC55811
3713,ITC86013
4230,ITC58545
1455,ITC18419
3687,ITC85886
3869,ITC57337
2988,ITC86013
4242,ITC55811
4118,ITC85886
4996,ITC55811
4489,ITC57337
4108,ITC86013
3484,ITC85886
1239,ITC57337
4839,ITC55811
4748,ITC86013
4426,ITC55811
3571,ITC38865
2852,ITC85886
3638,ITC86013
2723,ITC18419
2813,ITC55811
2799,ITC86013
4723,ITC57337
3313,ITC57337
2991,ITC18419
1483,ITC57337
3950,ITC55811
1634,ITC18419
2694,ITC58545
2707,ITC38865
2276,ITC38865
4726,ITC18419
4353,ITC86013
4017,ITC55811
1422,ITC38865
2714,ITC86013
2769,ITC85886
3614,ITC86013
4361,ITC85886
1922,ITC38865
4728,ITC18419
3646,ITC57337
1155,ITC86013
2119,ITC85886
1602,ITC58545
1074,ITC86013
2256,ITC18419
1348,ITC38865
3806,ITC57337
3959,ITC86013
1590,ITC58545
1962,ITC57337
1766,ITC18419
2551,ITC58545
2294,ITC57337
4531,ITC86013
2957,ITC55811
4415,ITC18419
1476,ITC57337
3978,ITC58545
2062,ITC55811
3252,ITC86013
1491,ITC58545
3526,ITC57337
4060,ITC86013
1067,ITC85886
2840,ITC86013
4484,ITC57337
3130,ITC86013
4273,ITC85886
4565,ITC38865
2504,ITC58545
4127,ITC85886
2690,ITC18419
4129,ITC57337
4511,ITC18419
4369,ITC85886
1302,ITC58545
3326,ITC38865
2066,ITC86013
3483,ITC57337
1807,ITC55811
2067,ITC57337
2884,ITC57337
2908,ITC38865
1330,ITC85886
2293,ITC86013
3718,ITC55811
3486,ITC85886
2857,ITC18419
3684,ITC85886
3120,ITC18419
3872,ITC55811
2777,ITC85886
4796,ITC18419
1564,ITC18419
2740,ITC86013
1833,ITC18419
1757,ITC85886
2975,ITC85886
4032,ITC86013
3979,ITC57337
3772,ITC57337
4523,ITC18419
4004,ITC86013
2936,ITC57337
2394,ITC58545
4616,ITC57337
2362,ITC18419
3593,ITC55811
4601,ITC57337
4382,ITC55811
2718,ITC55811
4691,ITC55811
3735,ITC55811
3900,ITC86013
4959,ITC85886
1815,ITC85886
2454,ITC55811
4778,ITC38865
2289,ITC38865
1734,ITC18419
4605,ITC55811
4864,ITC57337
4205,ITC85886
1862,ITC55811
1846,ITC38865
2019,ITC85886
2042,ITC57337
1768,ITC38865
3557,ITC38865
3975,ITC57337
4198,ITC57337
2580,ITC38865
3474,ITC18419
1678,ITC55811
4254,ITC58545
4704,ITC85886
3343,ITC85886
3093,ITC58545
2170,ITC58545
4867,ITC55811
3899,ITC38865
2941,ITC58545
1958,ITC58545
4413,ITC86013
1737,ITC18419
4202,ITC58545
1065,ITC58545
3819,ITC86013
2854,ITC85886
4530,ITC18419
4191,ITC38865
3102,ITC18419
1946,ITC85886
2156,ITC18419
1444,ITC18419
1699,ITC86013
4954,ITC55811
2207,ITC86013
4826,ITC86013
2374,ITC18419
1604,ITC38865
4437,ITC85886
2319,ITC38865
3018,ITC57337
1195,ITC55811
3017,ITC18419
3384,ITC38865
1918,ITC38865
2524,ITC58545
2798,ITC85886
2096,ITC86013
1489,ITC85886
1431,ITC58545
2747,ITC18419
2691,ITC55811
3027,ITC85886
4452,ITC58545
3523,ITC55811
2128,ITC58545
4762,ITC58545
1632,ITC55811
4018,ITC58545
1722,ITC57337
1438,ITC86013
3958,ITC86013
3292,ITC18419
2861,ITC85886
1509,ITC58545
2364,ITC57337
3084,ITC18419
4740,ITC38865
1072,ITC85886
4196,ITC18419
4814,ITC18419
4584,ITC58545
2751,ITC38865
4670,ITC85886
4566,ITC55811
2371,ITC85886
3442,ITC38865
3090,ITC58545
1457,ITC86013
4952,ITC85886
3165,ITC86013
2608,ITC38865
2040,ITC57337
1327,ITC86013
3363,ITC85886
1731,ITC58545
1332,ITC58545
3145,ITC85886
1099,ITC85886
3188,ITC57337
3748,ITC86013
4655,ITC86013
1827,ITC18419
2485,ITC58545
4683,ITC85886
4358,ITC57337
1931,ITC86013
2490,ITC57337
4842,ITC38865
2785,ITC58545
3591,ITC18419
3896,ITC86013
3842,ITC57337
2648,ITC85886
4688,ITC38865
3511,ITC57337
3810,ITC55811
4348,ITC55811
3584,ITC18419
2716,ITC58545
3797,ITC38865
2976,ITC38865
3752,ITC58545
1659,ITC55811
4109,ITC18419
1542,ITC38865
2068,ITC38865
4646,ITC86013
2122,ITC18419
2730,ITC55811
1800,ITC18419
1138,ITC18419
4104,ITC57337
4985,ITC38865
3181,ITC55811
3178,ITC58545
1688,ITC55811
4975,ITC57337
4697,ITC57337
4742,ITC55811
2640,ITC58545
2548,ITC58545
2825,ITC85886
2592,ITC85886
4852,ITC18419
1839,ITC18419
2413,ITC86013
2982,ITC58545
1981,ITC85886
4440,ITC85886
3497,ITC38865
3668,ITC38865
4460,ITC86013
1335,ITC38865
4303,ITC18419
3508,ITC86013
3856,ITC38865
3141,ITC55811
4640,ITC57337
3306,ITC55811
1156,ITC18419
4596,ITC18419
1245,ITC58545
1515,ITC85886
2564,ITC57337
4527,ITC38865
2487,ITC86013
3420,ITC55811
4442,ITC55811
3164,ITC55811
3176,ITC58545
2568,ITC55811
1856,ITC55811
3859,ITC57337
1668,ITC58545
4499,ITC86013
1753,ITC38865
3829,ITC57337
4825,ITC58545
3694,ITC57337
4147,ITC55811
2196,ITC38865
4724,ITC18419
3066,ITC38865
4769,ITC38865
4711,ITC86013
2391,ITC57337
1216,ITC55811
3911,ITC18419
1385,ITC85886
1158,ITC57337
2733,ITC86013
4999,ITC57337
2882,ITC38865
2590,ITC55811
3012,ITC38865
1533,ITC38865
1667,ITC85886
4323,ITC58545
2087,ITC85886
1853,ITC38865
2157,ITC57337
2049,ITC57337
3122,ITC58545
2245,ITC38865
4746,ITC86013
4224,ITC85886
4219,ITC57337
2641,ITC38865
3173,ITC58545
2191,ITC58545
1902,ITC57337
1347,ITC18419
1578,ITC38865
4632,ITC57337
3452,ITC55811
4822,ITC38865
1672,ITC38865
3368,ITC85886
1283,ITC85886
4428,ITC55811
2577,ITC18419
1973,ITC38865
3284,ITC38865
2226,ITC86013
1932,ITC55811
4506,ITC38865
1843,ITC57337
1651,ITC38865
3997,ITC58545
3579,ITC57337
2496,ITC58545
3590,ITC58545
2890,ITC38865
1401,ITC18419
3297,ITC57337
1365,ITC57337
2355,ITC38865
1170,ITC55811
3554,ITC57337
4171,ITC58545
3963,ITC55811
3076,ITC86013
1629,ITC18419
1366,ITC38865
2844,ITC55811
1234,ITC58545
3001,ITC58545
3587,ITC18419
2700,ITC85886
3838,ITC38865
4045,ITC18419
1858,ITC85886
2280,ITC86013
1685,ITC55811
2349,ITC57337
1463,ITC38865
3470,ITC38865
3387,ITC18419
3167,ITC58545
3175,ITC55811
2678,ITC55811
4627,ITC86013
1773,ITC86013
3100,ITC58545
3232,ITC38865
3673,ITC57337
4068,ITC58545
2340,ITC57337
1930,ITC18419
1617,ITC38865
1028,ITC55811
1429,ITC86013
1225,ITC85886
2509,ITC58545
4945,ITC86013
4342,ITC57337
1832,ITC18419
1512,ITC38865
4686,ITC18419
4986,ITC86013
2755,ITC38865
4532,ITC58545
2070,ITC85886
1894,ITC18419
3473,ITC58545
2140,ITC86013
3286,ITC18419
4729,ITC38865
3204,ITC55811
1574,ITC86013
1776,ITC38865
2009,ITC86013
3479,ITC58545
1337,ITC58545
3574,ITC18419
1727,ITC57337
1016,ITC86013
1990,ITC18419
3836,ITC58545
4560,ITC57337
1119,ITC58545
1379,ITC85886
1658,ITC18419
2948,ITC57337
1273,ITC18419
1774,ITC55811
4441,ITC55811
1929,ITC58545
2467,ITC86013
3423,ITC55811
4223,ITC18419
2846,ITC58545
4789,ITC55811
4916,ITC85886
2518,ITC18419
4321,ITC57337
2050,ITC38865
2146,ITC58545
3938,ITC38865
1636,ITC86013
2432,ITC85886
4937,ITC57337
1293,ITC57337
2883,ITC55811
4792,ITC58545
2292,ITC58545
1018,ITC55811
4922,ITC86013
3151,ITC38865
2517,ITC55811
1499,ITC85886
4993,ITC58545
1606,ITC57337
2918,ITC58545
3456,ITC55811
1597,ITC18419
2315,ITC18419
3680,ITC57337
2847,ITC57337
3426,ITC85886
1384,ITC58545
1081,ITC85886
1171,ITC18419
4932,ITC38865
4189,ITC38865
4455,ITC58545
2928,ITC18419
4817,ITC55811
4257,ITC38865
4071,ITC18419
2109,ITC38865
1412,ITC55811
4363,ITC55811
2107,ITC55811
1497,ITC86013
2211,ITC85886
3510,ITC85886
4074,ITC55811
3190,ITC38865
2297,ITC86013
3311,ITC85886
3085,ITC38865
4859,ITC85886
2125,ITC57337
2261,ITC86013
4165,ITC38865
3538,ITC18419
3913,ITC86013
2336,ITC85886
3549,ITC86013
4434,ITC18419
3413,ITC38865
1780,ITC86013
2899,ITC18419
2106,ITC58545
3857,ITC85886
4551,ITC58545
4042,ITC18419
2599,ITC85886
1045,ITC38865
4677,ITC86013
3269,ITC86013
4368,ITC38865
1111,ITC57337
4841,ITC57337
3047,ITC18419
4349,ITC55811
3580,ITC55811
2370,ITC86013
3094,ITC18419
1146,ITC18419
2287,ITC55811
4837,ITC38865
4464,ITC57337
2940,ITC38865
4972,ITC18419
4890,ITC86013
4295,ITC55811
2729,ITC18419
1125,ITC86013
3717,ITC86013
3809,ITC55811
3437,ITC38865
1481,ITC18419
1050,ITC18419
4117,ITC86013
1630,ITC18419
3715,ITC58545
3512,ITC18419
1197,ITC57337
3112,ITC55811
4502,ITC38865
4719,ITC58545
1516,ITC18419
4281,ITC58545
1566,ITC58545
4641,ITC57337
2561,ITC55811
2344,ITC85886
2643,ITC85886
4863,ITC58545
2264,ITC85886
3168,ITC58545
1282,ITC57337
2832,ITC85886
3067,ITC57337
1847,ITC55811
3525,ITC57337
1231,ITC55811
3471,ITC55811
1577,ITC57337
3463,ITC57337
3518,ITC86013
4325,ITC55811
4947,ITC18419
2194,ITC58545
2868,ITC57337
3211,ITC57337
4537,ITC85886
2243,ITC38865
2399,ITC38865
4133,ITC57337
2937,ITC55811
1029,ITC57337
4384,ITC38865
3756,ITC18419
1646,ITC86013
1259,ITC55811
3289,ITC38865
3742,ITC55811
3764,ITC57337
1581,ITC18419
2859,ITC86013
2175,ITC86013
1301,ITC85886
3465,ITC86013
2203,ITC58545
2113,ITC38865
3072,ITC55811
2805,ITC18419
2511,ITC58545
2120,ITC55811
2346,ITC85886
2071,ITC85886
2610,ITC85886
3489,ITC18419
3458,ITC38865
4869,ITC55811
3305,ITC85886
3050,ITC38865
4924,ITC55811
1480,ITC55811
2545,ITC18419
3971,ITC57337
4536,ITC55811
1382,ITC86013
4648,ITC38865
2699,ITC85886
3119,ITC38865
4695,ITC58545
3451,ITC38865
2221,ITC55811
1334,ITC55811
2499,ITC55811
3585,ITC86013
3161,ITC38865
2434,ITC86013
4448,ITC58545
4597,ITC58545
3323,ITC55811
1308,ITC18419
1331,ITC57337
2386,ITC85886
3910,ITC55811
4274,ITC57337
3101,ITC86013
4416,ITC18419
2375,ITC18419
1819,ITC85886
3981,ITC86013
3553,ITC38865
3846,ITC58545
3469,ITC86013
1601,ITC85886
3926,ITC86013
4201,ITC85886
2665,ITC86013
3153,ITC57337
4022,ITC55811
3716,ITC18419
3609,ITC85886
3947,ITC58545
2688,ITC58545
3698,ITC58545
3898,ITC57337
1761,ITC86013
2689,ITC86013
1627,ITC86013
4629,ITC57337
2790,ITC58545
4496,ITC85886
1934,ITC57337
2513,ITC58545
3298,ITC58545
4214,ITC38865
4962,ITC86013
2074,ITC55811
2625,ITC57337
1557,ITC58545
2007,ITC86013
2356,ITC55811
4301,ITC55811
2950,ITC58545
2263,ITC38865
3186,ITC57337
2655,ITC18419
2069,ITC57337
2681,ITC55811
4144,ITC38865
3919,ITC86013
3597,ITC58545
2110,ITC58545
3364,ITC57337
3759,ITC85886
4014,ITC38865
3140,ITC58545
2787,ITC86013
2419,ITC58545
4008,ITC57337
1371,ITC57337
2501,ITC18419
1467,ITC18419
1015,ITC55811
2727,ITC58545
3592,ITC86013
1708,ITC18419
2305,ITC55811
3294,ITC38865
3850,ITC86013
1624,ITC85886
2771,ITC18419
4180,ITC55811
1053,ITC85886
2671,ITC86013
2095,ITC18419
4878,ITC58545
1242,ITC18419
1190,ITC18419
1983,ITC18419
1872,ITC57337
4400,ITC18419
1628,ITC58545
1345,ITC85886
2732,ITC86013
3410,ITC38865
1920,ITC86013
3241,ITC58545
2492,ITC86013
2416,ITC57337
1538,ITC18419
3801,ITC18419
3202,ITC18419
4471,ITC55811
4939,ITC86013
2575,ITC18419
4419,ITC57337
1968,ITC85886
4807,ITC55811
4781,ITC86013
2951,ITC18419
1452,ITC58545
4727,ITC38865
4751,ITC57337
4296,ITC57337
1416,ITC86013
1919,ITC57337
1575,ITC85886
2969,ITC57337
2167,ITC18419
1212,ITC18419
2735,ITC86013
1324,ITC85886
2431,ITC55811
4526,ITC38865
1662,ITC86013
3802,ITC57337
2532,ITC58545
1316,ITC57337
2304,ITC86013
1955,ITC18419
3156,ITC86013
1864,ITC58545
4102,ITC86013
1110,ITC55811
2240,ITC38865
4647,ITC86013
3184,ITC55811
4623,ITC38865
2111,ITC85886
3068,ITC86013
4533,ITC18419
1605,ITC58545
4468,ITC86013
2041,ITC85886
3835,ITC57337
2307,ITC55811
1767,ITC58545
4251,ITC57337
1665,ITC55811
4844,ITC86013
3319,ITC58545
2536,ITC85886
1857,ITC86013
1793,ITC57337
2080,ITC18419
1928,ITC86013
3532,ITC38865
1892,ITC57337
2880,ITC57337
2033,ITC18419
3404,ITC38865
3891,ITC85886
2974,ITC18419
3831,ITC18419
1924,ITC38865
1811,ITC86013
2154,ITC86013
4543,ITC85886
4642,ITC55811
2360,ITC85886
3231,ITC55811
1356,ITC85886
4895,ITC86013
4495,ITC57337
3291,ITC38865
1878,ITC86013
4386,ITC55811
2549,ITC86013
4965,ITC38865
3251,ITC57337
3986,ITC57337
1616,ITC86013
1035,ITC38865
4717,ITC55811
4662,ITC18419
3500,ITC18419
4866,ITC55811
1044,ITC55811
3761,ITC58545
1145,ITC58545
3324,ITC55811
3940,ITC58545
3793,ITC86013
2956,ITC85886
3662,ITC85886
3755,ITC85886
4173,ITC57337
3353,ITC18419
2086,ITC38865
1570,ITC58545
1233,ITC58545
2765,ITC85886
4221,ITC86013
4265,ITC55811
4075,ITC38865
1551,ITC18419
4609,ITC55811
1975,ITC85886
1502,ITC55811
1901,ITC57337
2537,ITC86013
2348,ITC57337
4294,ITC55811
3774,ITC55811
2250,ITC86013
3034,ITC38865
1278,ITC57337
2837,ITC57337
3056,ITC86013
4838,ITC85886
2571,ITC38865
4310,ITC57337
2133,ITC57337
3568,ITC86013
4474,ITC38865
3354,ITC85886
2389,ITC85886
1742,ITC57337
2574,ITC58545
4612,ITC57337
2960,ITC86013
1378,ITC86013
1615,ITC58545
2503,ITC86013
2381,ITC18419
1613,ITC86013
1031,ITC86013
3200,ITC18419
4958,ITC86013
4858,ITC18419
1270,ITC85886
2347,ITC85886
2076,ITC85886
2151,ITC85886
3475,ITC18419
3644,ITC86013
4573,ITC58545
4079,ITC55811
1844,ITC57337
2437,ITC18419
4184,ITC86013
4574,ITC57337
4881,ITC85886
3790,ITC38865
2616,ITC58545
1275,ITC58545
2131,ITC86013
3077,ITC58545
3653,ITC58545
2922,ITC38865
2971,ITC57337
1164,ITC86013
4275,ITC57337
2084,ITC55811
1621,ITC18419
3301,ITC86013
4150,ITC58545
1775,ITC58545
2073,ITC55811
1912,ITC57337
4033,ITC55811
4877,ITC57337
3982,ITC58545
2782,ITC86013
2100,ITC86013
1785,ITC57337
3166,ITC85886
2251,ITC18419
1528,ITC86013
2012,ITC38865
3309,ITC55811
1220,ITC18419
2165,ITC86013
4058,ITC57337
1000,ITC58545
3357,ITC38865
2222,ITC18419
1207,ITC85886
2171,ITC85886
3078,ITC57337
3879,ITC38865
3472,ITC85886
4519,ITC18419
3275,ITC18419
1763,ITC58545
4619,ITC58545
2955,ITC57337
2830,ITC18419
4940,ITC18419
4116,ITC38865
4121,ITC55811
1824,ITC55811
4308,ITC18419
2998,ITC57337
1281,ITC38865
1936,ITC55811
4163,ITC38865
3369,ITC55811
2335,ITC38865
3957,ITC18419
3118,ITC57337
2527,ITC58545
2926,ITC57337
1801,ITC57337
1916,ITC55811
2523,ITC86013
2550,ITC38865
1319,ITC57337
2202,ITC57337
2569,ITC38865
2925,ITC38865
2190,ITC58545
2234,ITC85886
4779,ITC57337
3031,ITC57337
2696,ITC38865
4453,ITC86013
4776,ITC57337
4312,ITC58545
3327,ITC55811
4344,ITC57337
1718,ITC18419
3041,ITC58545
2947,ITC38865
4280,ITC55811
3022,ITC55811
1941,ITC18419
1241,ITC86013
1777,ITC85886
2178,ITC86013
3433,ITC86013
3035,ITC58545
1464,ITC57337
4161,ITC85886
2654,ITC38865
1706,ITC38865
3726,ITC86013
3325,ITC58545
3732,ITC57337
2563,ITC85886
4929,ITC18419
1092,ITC55811
1907,ITC58545
3540,ITC57337
2028,ITC55811
3026,ITC57337
4393,ITC58545
2047,ITC57337
4610,ITC55811
1269,ITC58545
3629,ITC18419
1899,ITC85886
1982,ITC55811
4977,ITC55811
2675,ITC58545
2058,ITC57337
4065,ITC55811
1450,ITC86013
3739,ITC85886
3758,ITC55811
1230,ITC38865
4373,ITC57337
1693,ITC85886
2743,ITC18419
1612,ITC55811
1835,ITC86013
1380,ITC58545
1150,ITC57337
2495,ITC38865
3581,ITC86013
3723,ITC58545
2249,ITC86013
1430,ITC18419
3039,ITC38865
3455,ITC55811
1831,ITC58545
4831,ITC55811
3816,ITC85886
2314,ITC58545
3604,ITC38865
4734,ITC18419
2363,ITC85886
1484,ITC85886
1764,ITC85886
3595,ITC38865
2695,ITC85886
4538,ITC58545
1979,ITC86013
1148,ITC85886
3443,ITC86013
3334,ITC18419
2508,ITC57337
4136,ITC18419
3599,ITC38865
4540,ITC55811
2855,ITC38865
3949,ITC86013
4836,ITC38865
2464,ITC57337
1788,ITC86013
2061,ITC85886
1963,ITC57337
1485,ITC38865
2406,ITC85886
2255,ITC18419
2404,ITC38865
3395,ITC58545
3405,ITC85886
2927,ITC55811
4137,ITC38865
3282,ITC58545
4567,ITC38865
4550,ITC85886
4806,ITC57337
1153,ITC86013
4515,ITC57337
1012,ITC58545
2585,ITC18419
3406,ITC55811
3385,ITC86013
4738,ITC38865
4235,ITC58545
4614,ITC85886
2216,ITC85886
4425,ITC55811
4666,ITC38865
2351,ITC85886
2612,ITC57337
3488,ITC57337
2021,ITC18419
2186,ITC57337
1696,ITC55811
3092,ITC58545
4497,ITC55811
1848,ITC86013
2466,ITC57337
4411,ITC58545
1914,ITC55811
1290,ITC38865
4027,ITC18419
4693,ITC86013
1056,ITC58545
3248,ITC18419
2815,ITC58545
4207,ITC55811
1160,ITC86013
3868,ITC18419
3707,ITC18419
3432,ITC57337
4510,ITC57337
2893,ITC86013
4902,ITC38865
2845,ITC86013
3882,ITC86013
4309,ITC18419
2369,ITC57337
1787,ITC85886
1375,ITC86013
4805,ITC18419
3160,ITC55811
4225,ITC57337
2719,ITC57337
2455,ITC58545
1582,ITC18419
3096,ITC38865
3453,ITC18419
2731,ITC86013
4886,ITC38865
3015,ITC58545
4938,ITC18419
3818,ITC85886
1540,ITC55811
1424,ITC86013
3888,ITC86013
2711,ITC18419
4633,ITC58545
2864,ITC55811
2500,ITC85886
1477,ITC57337
1635,ITC58545
2401,ITC38865
4971,ITC58545
4414,ITC58545
2906,ITC58545
4025,ITC38865
1414,ITC38865
4793,ITC57337
4304,ITC86013
3663,ITC57337
1625,ITC18419
4292,ITC86013
3043,ITC86013
2446,ITC55811
1701,ITC18419
1047,ITC38865
4360,ITC86013
2008,ITC86013
2624,ITC58545
1049,ITC86013
4433,ITC57337
4799,ITC38865
4774,ITC55811
3596,ITC86013
4097,ITC55811
2262,ITC85886
4593,ITC18419
4322,ITC38865
3633,ITC57337
4268,ITC38865
4757,ITC86013
1182,ITC86013
3266,ITC86013
3109,ITC55811
2450,ITC55811
1208,ITC38865
2115,ITC55811
3438,ITC18419
3985,ITC58545
2483,ITC86013
4445,ITC38865
2462,ITC58545
1068,ITC57337
1458,ITC85886
3048,ITC38865
3501,ITC38865
3230,ITC57337
2312,ITC85886
3493,ITC55811
1474,ITC38865
4907,ITC55811
3575,ITC57337
1732,ITC18419
3061,ITC85886
1104,ITC57337
4702,ITC58545
2687,ITC18419
3240,ITC58545
1524,ITC58545
2101,ITC58545
4461,ITC38865
1814,ITC18419
1486,ITC57337
1710,ITC18419
3032,ITC57337
4896,ITC38865
3373,ITC58545
1355,ITC85886
1162,ITC57337
2712,ITC85886
1025,ITC58545
1354,ITC38865
2822,ITC38865
1818,ITC57337
3082,ITC85886
4398,ITC18419
4332,ITC85886
1357,ITC55811
1159,ITC18419
1889,ITC57337
2652,ITC38865
2736,ITC57337
2002,ITC18419
3046,ITC58545
2284,ITC58545
1479,ITC38865
1237,ITC86013
3528,ITC57337
2514,ITC55811
4790,ITC38865
1948,ITC85886
2601,ITC38865
4678,ITC55811
3642,ITC55811
4585,ITC85886
3637,ITC85886
1353,ITC38865
3257,ITC55811
2035,ITC86013
3658,ITC18419
3247,ITC58545
1305,ITC38865
1011,ITC57337
3744,ITC86013
2903,ITC18419
3036,ITC58545
3741,ITC18419
2230,ITC38865
1206,ITC85886
3690,ITC55811
3620,ITC86013
4759,ITC86013
2792,ITC58545
2433,ITC38865
3547,ITC57337
3814,ITC58545
3691,ITC58545
1407,ITC18419
4718,ITC18419
1240,ITC86013
1792,ITC38865
3051,ITC55811
3688,ITC38865
4676,ITC18419
2142,ITC85886
1806,ITC55811
1595,ITC55811
2393,ITC86013
1669,ITC85886
1213,ITC85886
4598,ITC85886
1404,ITC38865
1758,ITC57337
1265,ITC58545
1006,ITC55811
2779,ITC58545
4457,ITC38865
2811,ITC86013
4981,ITC58545
2512,ITC55811
3400,ITC18419
2997,ITC57337
1098,ITC58545
2208,ITC57337
3672,ITC58545
3651,ITC58545
2986,ITC18419
4588,ITC18419
2117,ITC58545
1884,ITC57337
2595,ITC85886
3228,ITC55811
2368,ITC38865
2573,ITC58545
4701,ITC85886
1998,ITC58545
4583,ITC57337
2043,ITC57337
2201,ITC86013
3522,ITC18419
2636,ITC18419
4372,ITC57337
4576,ITC38865
4692,ITC57337
4277,ITC86013
3170,ITC58545
2944,ITC18419
2582,ITC55811
1373,ITC55811
4012,ITC55811
2031,ITC86013
2459,ITC57337
4377,ITC55811
1534,ITC85886
2051,ITC38865
3430,ITC58545
1567,ITC57337
2972,ITC58545
1287,ITC86013
2271,ITC58545
4657,ITC18419
2310,ITC86013
3924,ITC86013
3517,ITC86013
2629,ITC58545
4636,ITC18419
1100,ITC18419
2054,ITC57337
1032,ITC38865
4466,ITC58545
2081,ITC58545
3414,ITC18419
3481,ITC85886
2758,ITC86013
2872,ITC18419
3339,ITC18419
3255,ITC18419
3462,ITC55811
2952,ITC86013
2693,ITC86013
1112,ITC55811
2003,ITC86013
3113,ITC58545
3582,ITC58545
4572,ITC86013
1055,ITC85886
1887,ITC57337
3347,ITC38865
4873,ITC58545
1571,ITC38865
2400,ITC55811
2672,ITC57337
1465,ITC57337
3436,ITC58545
4503,ITC38865
2759,ITC38865
3201,ITC18419
1861,ITC86013
2680,ITC18419
4354,ITC38865
3608,ITC58545
3542,ITC86013
2579,ITC86013
2650,ITC55811
3499,ITC58545
2804,ITC58545
1783,ITC57337
1116,ITC58545
2578,ITC86013
4003,ITC58545
3021,ITC38865
3791,ITC86013
2290,ITC57337
4204,ITC55811
4100,ITC57337
1944,ITC85886
3845,ITC18419
2077,ITC58545
1128,ITC58545
4130,ITC86013
3259,ITC86013
4376,ITC58545
2784,ITC85886
2060,ITC86013
4556,ITC58545
3640,ITC58545
2795,ITC38865
2044,ITC85886
1957,ITC58545
3883,ITC38865
2474,ITC85886
3148,ITC38865
1517,ITC57337
2176,ITC38865
4255,ITC57337
2159,ITC85886
4153,ITC55811
1553,ITC58545
2072,ITC18419
2964,ITC86013
3974,ITC55811
4848,ITC86013
2477,ITC57337
1508,ITC58545
2682,ITC58545
2004,ITC86013
1900,ITC57337
3757,ITC58545
4314,ITC55811
1204,ITC38865
3548,ITC55811
2275,ITC58545
4577,ITC57337
2286,ITC18419
4287,ITC58545
1781,ITC18419
3788,ITC18419
1531,ITC58545
4015,ITC55811
2869,ITC18419
2390,ITC58545
3634,ITC55811
3394,ITC58545
1874,ITC38865
4671,ITC57337
3647,ITC57337
1087,ITC85886
3210,ITC38865
4406,ITC38865
4470,ITC55811
4258,ITC55811
3535,ITC85886
3095,ITC18419
4625,ITC85886
2014,ITC85886
1677,ITC18419
4743,ITC38865
3682,ITC57337
4992,ITC57337
2839,ITC55811
2325,ITC18419
4238,ITC55811
4798,ITC85886
3703,ITC58545
1017,ITC86013
1609,ITC58545
3459,ITC58545
1192,ITC58545
3044,ITC38865
3661,ITC38865
1188,ITC18419
1865,ITC58545
1692,ITC85886
3577,ITC38865
4951,ITC86013
1714,ITC38865
1610,ITC58545
4652,ITC38865
4020,ITC57337
2633,ITC86013
4305,ITC58545
3124,ITC18419
2876,ITC55811
2684,ITC85886
2377,ITC85886
4320,ITC58545
1009,ITC57337
1460,ITC38865
1821,ITC58545
3182,ITC18419
1526,ITC58545
2534,ITC58545
3794,ITC55811
1405,ITC18419
4544,ITC38865
2494,ITC57337
3322,ITC18419
3655,ITC58545
2584,ITC55811
2781,ITC86013
3316,ITC58545
4889,ITC57337
4927,ITC86013
3214,ITC85886
2909,ITC57337
4226,ITC18419
1622,ITC57337
2938,ITC85886
3674,ITC86013
2063,ITC85886
3042,ITC58545
3877,ITC55811
2168,ITC58545
4933,ITC85886
3139,ITC18419
2053,ITC57337
4847,ITC55811
1185,ITC57337
4656,ITC18419
2741,ITC58545
2010,ITC55811
2586,ITC57337
2557,ITC85886
1719,ITC57337
1292,ITC57337
2721,ITC18419
4016,ITC18419
3654,ITC57337
3745,ITC85886
3623,ITC18419
1647,ITC57337
1312,ITC18419
1218,ITC57337
4745,ITC18419
4994,ITC18419
2380,ITC85886
4371,ITC57337
4668,ITC86013
3534,ITC58545
3399,ITC57337
2136,ITC58545
1888,ITC18419
4990,ITC86013
1135,ITC57337
3132,ITC18419
1252,ITC55811
1442,ITC57337
1451,ITC38865
3159,ITC57337
3205,ITC57337
1115,ITC86013
4334,ITC58545
3098,ITC55811
1096,ITC85886
1608,ITC38865
2298,ITC18419
3782,ITC55811
3815,ITC85886
3976,ITC57337
3710,ITC18419
1859,ITC18419
1682,ITC58545
1866,ITC57337
2016,ITC86013
3063,ITC57337
4782,ITC86013
3198,ITC58545
1436,ITC18419
4874,ITC57337
2911,ITC58545
1611,ITC86013
2343,ITC86013
1021,ITC55811
4378,ITC55811
1751,ITC85886
1730,ITC38865
4669,ITC55811
1184,ITC38865
4600,ITC86013
3966,ITC18419
4508,ITC58545
4643,ITC18419
3600,ITC55811
1315,ITC38865
1654,ITC58545
3551,ITC85886
1351,ITC57337
2645,ITC57337
2653,ITC86013
3961,ITC18419
2329,ITC18419
3858,ITC38865
4765,ITC58545
4855,ITC18419
2673,ITC85886
3352,ITC18419
1391,ITC85886
4352,ITC58545
1298,ITC86013
1618,ITC18419
3515,ITC58545
1786,ITC38865
3844,ITC18419
3914,ITC86013
4172,ITC85886
1796,ITC85886
1830,ITC86013
3071,ITC86013
2301,ITC38865
3999,ITC85886
3089,ITC38865
2985,ITC85886
3318,ITC86013
1048,ITC85886
3586,ITC86013
4431,ITC85886
3977,ITC38865
2609,ITC57337
4942,ITC57337
4158,ITC58545
1142,ITC18419
2273,ITC38865
3902,ITC58545
2169,ITC58545
3038,ITC85886
2023,ITC85886
1038,ITC38865
3998,ITC55811
3516,ITC55811
2583,ITC58545
4138,ITC57337
1886,ITC86013
4861,ITC85886
2326,ITC86013
2103,ITC38865
3260,ITC58545
1893,ITC86013
4834,ITC38865
2476,ITC18419
1013,ITC86013
3004,ITC18419
1573,ITC55811
2089,ITC38865
2470,ITC57337
4785,ITC18419
2916,ITC18419
3179,ITC58545
2285,ITC86013
2617,ITC55811
1945,ITC86013
4722,ITC85886
4725,ITC58545
1594,ITC18419
4675,ITC86013
1321,ITC55811
1535,ITC85886
4635,ITC85886
4125,ITC38865
2085,ITC38865
2228,ITC58545
3934,ITC18419
1329,ITC86013
4689,ITC38865
3199,ITC58545
2540,ITC57337
1523,ITC58545
4078,ITC57337
4753,ITC38865
2789,ITC86013
3229,ITC57337
1715,ITC57337
4351,ITC85886
4397,ITC86013
4059,ITC18419
1822,ITC85886
1584,ITC58545
2018,ITC86013
3401,ITC85886
4547,ITC58545
1398,ITC55811
1779,ITC86013
1823,ITC18419
3360,ITC85886
1565,ITC18419
3331,ITC38865
2408,ITC58545
2742,ITC55811
4405,ITC58545
2817,ITC86013
3562,ITC58545
4380,ITC38865
3273,ITC18419
3736,ITC18419
3295,ITC57337
4266,ITC86013
1372,ITC18419
4820,ITC38865
4115,ITC57337
2236,ITC86013
1026,ITC86013
4456,ITC86013
1358,ITC57337
3393,ITC57337
4946,ITC57337
4989,ITC58545
2961,ITC85886
3603,ITC58545
2745,ITC86013
2738,ITC86013
3776,ITC55811
1062,ITC38865
1546,ITC58545
2020,ITC85886
2366,ITC18419
4808,ITC38865
4306,ITC85886
4302,ITC18419
4516,ITC57337
4482,ITC38865
2767,ITC86013
4228,ITC58545
3062,ITC55811
2365,ITC86013
3775,ITC18419
2232,ITC38865
4156,ITC55811
3643,ITC85886
2602,ITC86013
2502,ITC55811
2205,ITC58545
2757,ITC18419
1825,ITC18419
2709,ITC57337
2634,ITC86013
4832,ITC57337
2032,ITC86013
2210,ITC57337
4315,ITC85886
3907,ITC57337
2706,ITC38865
2247,ITC57337
4063,ITC85886
4780,ITC38865
4843,ITC58545
4009,ITC85886
3697,ITC86013
4579,ITC55811
1664,ITC18419
4179,ITC38865
1303,ITC55811
2392,ITC57337
4218,ITC55811
2891,ITC55811
3409,ITC55811
2768,ITC86013
3424,ITC55811
4388,ITC86013
3751,ITC86013
4282,ITC86013
2983,ITC57337
2075,ITC85886
2841,ITC58545
1562,ITC38865
1790,ITC85886
4395,ITC58545
3074,ITC18419
1277,ITC58545
4403,ITC86013
2902,ITC58545
1494,ITC18419
1917,ITC38865
2144,ITC38865
2656,ITC58545
1881,ITC85886
4764,ITC55811
2361,ITC58545
2311,ITC55811
3937,ITC55811
3304,ITC58545
1133,ITC57337
2843,ITC86013
4682,ITC55811
4113,ITC85886
3906,ITC86013
3402,ITC18419
2039,ITC85886
3490,ITC38865
1599,ITC18419
2613,ITC55811
1705,ITC85886
4571,ITC18419
3641,ITC18419
4232,ITC55811
4345,ITC58545
2147,ITC57337
3195,ITC58545
1910,ITC86013
4548,ITC38865
4463,ITC58545
3908,ITC38865
3701,ITC55811
3011,ITC57337
2324,ITC55811
3778,ITC55811
3837,ITC18419
3885,ITC85886
4936,ITC18419
4084,ITC58545
2553,ITC57337
2281,ITC55811
2438,ITC38865
4362,ITC58545
4244,ITC86013
4809,ITC38865
3996,ITC57337
1361,ITC86013
4418,ITC86013
4154,ITC55811
2034,ITC85886
4246,ITC58545
4231,ITC86013
1473,ITC18419
3824,ITC18419
1094,ITC85886
1729,ITC55811
3478,ITC86013
3307,ITC55811
3386,ITC85886
2570,ITC86013
3613,ITC86013
1409,ITC86013
3315,ITC86013
1256,ITC55811
1432,ITC38865
1991,ITC38865
4862,ITC18419
3225,ITC58545
3411,ITC86013
3666,ITC86013
4159,ITC18419
4558,ITC86013
4680,ITC86013
4595,ITC58545
3830,ITC18419
1223,ITC57337
3358,ITC38865
3025,ITC55811
3851,ITC58545
4036,ITC58545
1417,ITC58545
4061,ITC86013
3881,ITC85886
3864,ITC85886
2766,ITC18419
1468,ITC58545
4982,ITC57337
3450,ITC55811
4606,ITC86013
3773,ITC86013
2244,ITC57337
1114,ITC55811
3480,ITC18419
4052,ITC38865
2663,ITC57337
2181,ITC57337
3589,ITC38865
3144,ITC55811
4044,ITC58545
4048,ITC38865
4637,ITC85886
3560,ITC18419
1228,ITC86013
3749,ITC38865
4626,ITC55811
2646,ITC85886
2037,ITC18419
2078,ITC55811
2444,ITC57337
4430,ITC55811
3137,ITC57337
4505,ITC57337
4336,ITC57337
2800,ITC85886
3537,ITC85886
1140,ITC55811
1976,ITC86013
2291,ITC18419
2542,ITC55811
3770,ITC55811
3892,ITC38865
2515,ITC55811
4687,ITC18419
3743,ITC57337
4245,ITC86013
1851,ITC57337
1784,ITC57337
4001,ITC57337
1939,ITC18419
2530,ITC58545
1123,ITC38865
4319,ITC55811
4761,ITC55811
4450,ITC58545
3209,ITC18419
1126,ITC85886
1254,ITC55811
4316,ITC18419
4375,ITC18419
3468,ITC85886
2488,ITC57337
1769,ITC55811
3389,ITC57337
1439,ITC18419
2065,ITC57337
3686,ITC57337
2774,ITC57337
2204,ITC85886
4833,ITC85886
2164,ITC58545
3615,ITC38865
4390,ITC38865
1985,ITC55811
4288,ITC18419
3073,ITC55811
3983,ITC38865
1304,ITC85886
4227,ITC86013
2770,ITC57337
1454,ITC18419
4335,ITC58545
3738,ITC55811
1927,ITC55811
3681,ITC55811
1728,ITC18419
1010,ITC57337
2383,ITC58545
3513,ITC55811
3708,ITC85886
4784,ITC38865
4364,ITC85886
1493,ITC86013
3828,ITC57337
2282,ITC38865
2704,ITC58545
3867,ITC58545
3747,ITC58545
4220,ITC58545
4504,ITC38865
4608,ITC18419
3053,ITC18419
4096,ITC86013
2934,ITC18419
1527,ITC55811
3862,ITC55811
2134,ITC58545
1251,ITC58545
3676,ITC38865
2992,ITC58545
4124,ITC55811
4756,ITC86013
1229,ITC58545
4733,ITC85886
3968,ITC18419
4935,ITC55811
2143,ITC86013
3657,ITC86013
2734,ITC18419
1080,ITC58545
4091,ITC85886
4589,ITC38865
4197,ITC57337
4553,ITC18419
3045,ITC85886
2079,ITC58545
1108,ITC55811
3931,ITC58545
2788,ITC57337
2544,ITC55811
2439,ITC55811
1472,ITC55811
3781,ITC18419
1079,ITC18419
4644,ITC86013
4477,ITC57337
1993,ITC86013
2398,ITC38865
2945,ITC57337
1726,ITC57337
4479,ITC57337
1149,ITC86013
1403,ITC86013
4856,ITC57337
1449,ITC18419
3993,ITC86013
3494,ITC85886
3763,ITC38865
2807,ITC55811
4923,ITC58545
3912,ITC58545
5000,ITC38865
3346,ITC55811
1039,ITC85886
3064,ITC86013
4794,ITC38865
3312,ITC85886
1980,ITC38865
1883,ITC85886
4160,ITC55811
3212,ITC58545
2327,ITC86013
4439,ITC18419
4883,ITC58545
2064,ITC18419
3416,ITC86013
1536,ITC38865
1953,ITC18419
3415,ITC18419
2977,ITC55811
3208,ITC86013
3344,ITC57337
3356,ITC38865
3227,ITC38865
1505,ITC85886
1253,ITC85886
2260,ITC85886
3520,ITC86013
1051,ITC57337
1754,ITC55811
1421,ITC85886
3104,ITC38865
1130,ITC57337
4594,ITC57337
4192,ITC18419
2372,ITC18419
3441,ITC18419
3380,ITC38865
2670,ITC18419
2011,ITC85886
1435,ITC38865
4030,ITC57337
1235,ITC55811
3984,ITC57337
4529,ITC85886
1855,ITC18419
4299,ITC85886
2905,ITC58545
2796,ITC18419
2129,ITC58545
1501,ITC18419
1105,ITC55811
3798,ITC58545
4592,ITC85886
1838,ITC58545
4485,ITC58545
3370,ITC85886
3434,ITC86013
4215,ITC86013
1869,ITC58545
1163,ITC55811
4811,ITC18419
3222,ITC18419
2856,ITC86013
1041,ITC18419
4552,ITC57337
2516,ITC58545
1090,ITC85886
2889,ITC18419
4898,ITC55811
4998,ITC18419
3075,ITC38865
3135,ITC85886
2780,ITC18419
1876,ITC18419
4968,ITC38865
2379,ITC86013
4696,ITC85886
4525,ITC55811
2316,ITC85886
1950,ITC38865
1789,ITC55811
2152,ITC57337
3556,ITC55811
2521,ITC86013
3220,ITC57337
1381,ITC58545
4050,ITC86013
2833,ITC58545
1987,ITC85886
3570,ITC85886
1320,ITC85886
4473,ITC38865
3878,ITC85886
4493,ITC85886
4194,ITC86013
3719,ITC85886
1336,ITC86013
1076,ITC38865
1261,ITC85886
4409,ITC58545
1684,ITC86013
2750,ITC57337
1721,ITC18419
2877,ITC18419
3848,ITC86013
3650,ITC85886
2318,ITC58545
1194,ITC58545
1736,ITC58545
4950,ITC58545
2481,ITC38865
1296,ITC38865
2824,ITC57337
1648,ITC86013
4259,ITC85886
1325,ITC57337
3351,ITC58545
4146,ITC58545
4664,ITC38865
3712,ITC55811
4478,ITC38865
1118,ITC58545
1996,ITC58545
4424,ITC18419
4105,ITC57337
4915,ITC85886
3927,ITC55811
2410,ITC58545
3138,ITC55811
1870,ITC58545
4660,ITC86013
4661,ITC55811
2407,ITC18419
4634,ITC57337
4112,ITC57337
2428,ITC58545
3671,ITC38865
3946,ITC38865
3355,ITC57337
1583,ITC18419
1008,ITC57337
4894,ITC38865
4252,ITC86013
3428,ITC85886
1988,ITC18419
4157,ITC86013
4788,ITC38865
1903,ITC86013
3578,ITC18419
3088,ITC18419
1322,ITC55811
1698,ITC55811
4185,ITC57337
3396,ITC58545
3412,ITC57337
3321,ITC57337
1937,ITC38865
4006,ITC86013
1276,ITC85886
3303,ITC55811
2786,ITC58545
1885,ITC86013
4054,ITC57337
3972,ITC55811
4190,ITC85886
3264,ITC18419
2942,ITC57337
4049,ITC57337
1954,ITC38865
2321,ITC86013
2930,ITC85886
2239,ITC55811
1390,ITC58545
2338,ITC86013
3504,ITC85886
1759,ITC58545
3055,ITC38865
1733,ITC55811
1913,ITC57337
4812,ITC86013
4988,ITC55811
4069,ITC55811
3588,ITC85886
4175,ITC55811
1406,ITC38865
1943,ITC57337
1995,ITC85886
1994,ITC57337
4892,ITC86013
3531,ITC86013
2158,ITC18419
2510,ITC57337
4679,ITC55811
4324,ITC55811
2422,ITC55811
3821,ITC55811
1370,ITC58545
4236,ITC18419
3308,ITC55811
1183,ITC85886
1999,ITC57337
3460,ITC85886
1703,ITC58545
1969,ITC18419
4967,ITC86013
3621,ITC18419
3491,ITC85886
4098,ITC18419
3659,ITC57337
1364,ITC57337
1394,ITC38865
4043,ITC85886
2631,ITC86013
3419,ITC18419
1286,ITC57337
1236,ITC58545
4773,ITC38865
4114,ITC55811
4120,ITC86013
3267,ITC58545
3013,ITC85886
2172,ITC85886
1388,ITC55811
4603,ITC55811
1631,ITC57337
2458,ITC55811
4087,ITC86013
3250,ITC57337
1679,ITC85886
2888,ITC57337
2376,ITC86013
4199,ITC57337
4031,ITC18419
1113,ITC18419
4178,ITC18419
4037,ITC38865
3917,ITC86013
4658,ITC55811
1408,ITC55811
1639,ITC58545
4139,ITC55811
4041,ITC18419
1909,ITC38865
4367,ITC55811
3905,ITC18419
4906,ITC55811
4330,ITC38865
2218,ITC38865
3980,ITC55811
4094,ITC85886
2313,ITC55811
3923,ITC86013
4541,ITC18419
1750,ITC55811
3117,ITC18419
1972,ITC57337
1154,ITC58545
3505,ITC86013
2642,ITC57337
2045,ITC86013
2225,ITC57337
3539,ITC86013
1002,ITC38865
4665,ITC85886
3052,ITC18419
4943,ITC86013
1323,ITC38865
2873,ITC86013
3711,ITC85886
1702,ITC85886
4347,ITC85886
2913,ITC55811
3893,ITC57337
2048,ITC85886
1077,ITC86013
2403,ITC38865
3652,ITC85886
1845,ITC38865
2233,ITC58545
2187,ITC85886
4557,ITC55811
1341,ITC86013
4768,ITC18419
4698,ITC86013
2834,ITC57337
1921,ITC38865
1248,ITC57337
3945,ITC55811
2265,ITC55811
1046,ITC38865
4563,ITC38865
1655,ITC55811
1854,ITC58545
3692,ITC85886
2015,ITC86013
3002,ITC57337
4432,ITC55811
2160,ITC18419
1448,ITC58545
3863,ITC85886
4611,ITC55811
1368,ITC18419
3454,ITC58545
1841,ITC58545
4420,ITC86013
4123,ITC58545
2241,ITC55811
4327,ITC58545
3345,ITC55811
4716,ITC55811
3281,ITC38865
4410,ITC18419
4396,ITC38865
2493,ITC55811
4685,ITC38865
2237,ITC85886
1280,ITC57337
3134,ITC85886
4797,ITC85886
1443,ITC38865
1550,ITC55811
4607,ITC55811
2848,ITC38865
4882,ITC86013
1908,ITC38865
3329,ITC55811
4871,ITC38865
1880,ITC55811
1349,ITC55811
1660,ITC57337
4710,ITC58545
2006,ITC57337
3750,ITC57337
2108,ITC38865
2029,ITC86013
3704,ITC85886
2337,ITC38865
4582,ITC38865
4744,ITC38865
3029,ITC38865
1475,ITC55811
1173,ITC55811
2148,ITC57337
2809,ITC55811
4539,ITC85886
1191,ITC86013
1168,ITC38865
2664,ITC38865
2135,ITC18419
1023,ITC55811
2309,ITC38865
4628,ITC86013
1073,ITC58545
1459,ITC86013
2484,ITC57337
3476,ITC55811
3287,ITC86013
4359,ITC86013
3285,ITC55811
4752,ITC85886
4741,ITC18419
4328,ITC86013
1052,ITC85886
1299,ITC58545
4260,ITC18419
1720,ITC18419
2692,ITC58545
1196,ITC18419
3519,ITC58545
2000,ITC55811
2427,ITC38865
4997,ITC57337
2102,ITC86013
2979,ITC86013
3685,ITC85886
2083,ITC58545
2618,ITC57337
4888,ITC58545
4919,ITC38865
4876,ITC86013
4845,ITC57337
1374,ITC18419
3009,ITC58545
1205,ITC86013
1633,ITC38865
2677,ITC86013
4300,ITC85886
4298,ITC85886
1097,ITC58545
3766,ITC86013
3784,ITC58545
2056,ITC55811
3861,ITC55811
2328,ITC57337
3069,ITC18419
1177,ITC38865
4427,ITC38865
1307,ITC38865
2606,ITC85886
4444,ITC57337
3664,ITC85886
1641,ITC86013
1461,ITC58545
2754,ITC18419
1333,ITC86013
4035,ITC85886
4357,ITC58545
4467,ITC57337
2139,ITC85886
2475,ITC58545
1690,ITC55811
3224,ITC58545
2939,ITC18419
3807,ITC86013
1828,ITC86013
2535,ITC85886
4107,ITC86013
4853,ITC86013
3408,ITC85886
1040,ITC85886
1137,ITC18419
3832,ITC86013
2179,ITC38865
2604,ITC38865
2589,ITC86013
2402,ITC18419
2242,ITC38865
1427,ITC18419
2471,ITC85886
4077,ITC57337
4909,ITC57337
1014,ITC18419
1389,ITC38865
4800,ITC57337
1069,ITC18419
4028,ITC86013
3086,ITC57337
2708,ITC55811
4827,ITC85886
4213,ITC55811
2005,ITC18419
2429,ITC38865
3909,ITC85886
4024,ITC85886
1214,ITC55811
1724,ITC58545
1911,ITC55811
3955,ITC55811
2666,ITC58545
1339,ITC38865
2091,ITC58545
4681,ITC38865
2683,ITC57337
4356,ITC85886
3152,ITC57337
2657,ITC55811
2698,ITC55811
4810,ITC58545
3876,ITC86013
1167,ITC55811
3529,ITC18419
1756,ITC38865
2875,ITC86013
3871,ITC85886
4512,ITC58545
3728,ITC86013
1093,ITC86013
1386,ITC55811
4672,ITC38865
3271,ITC86013
2752,ITC58545
4101,ITC57337
3884,ITC86013
2669,ITC55811
1004,ITC58545
2017,ITC86013
1437,ITC38865
1904,ITC58545
4233,ITC58545
1063,ITC57337
3391,ITC58545
4234,ITC55811
2472,ITC58545
1817,ITC86013
4216,ITC55811
2984,ITC58545
3174,ITC58545
4513,ITC86013
4911,ITC86013
3265,ITC85886
1561,ITC58545
4731,ITC57337
2097,ITC55811
1748,ITC38865
1638,ITC38865
3237,ITC38865
4076,ITC86013
3189,ITC38865
4984,ITC18419
2772,ITC85886
4343,ITC18419
1598,ITC18419
4469,ITC85886
4007,ITC18419
2306,ITC55811
1539,ITC38865
1037,ITC18419
4749,ITC58545
3219,ITC18419
3328,ITC38865
3890,ITC55811
3147,ITC86013
3183,ITC38865
3079,ITC57337
1545,ITC57337
4492,ITC18419
1217,ITC55811
4337,ITC58545
2924,ITC57337
3734,ITC58545
3194,ITC18419
1198,ITC86013
2057,ITC85886
4913,ITC55811
1419,ITC38865
3648,ITC18419
2724,ITC58545
2538,ITC85886
2995,ITC58545
1318,ITC86013
3573,ITC58545
3765,ITC18419
2547,ITC57337
1342,ITC18419
4804,ITC85886
3769,ITC86013
4713,ITC18419
1741,ITC38865
4051,ITC38865
4960,ITC86013
4602,ITC86013
2746,ITC86013
3196,ITC58545
2981,ITC58545
1620,ITC86013
1362,ITC55811
3447,ITC85886
3605,ITC38865
3762,ITC38865
3348,ITC85886
3545,ITC38865
1532,ITC38865
1803,ITC85886
2543,ITC85886
3952,ITC58545
3016,ITC86013
2118,ITC38865
1940,ITC58545
4755,ITC86013
4085,ITC55811
2566,ITC58545
1593,ITC58545
2105,ITC85886
1165,ITC55811
3705,ITC57337
2030,ITC58545
2162,ITC85886
4462,ITC18419
2420,ITC18419
1554,ITC86013
4624,ITC38865
3853,ITC57337
2452,ITC18419
2829,ITC18419
3417,ITC86013
1175,ITC58545
4053,ITC86013
2565,ITC18419
2468,ITC85886
4039,ITC55811
2989,ITC57337
4903,ITC57337
2835,ITC86013
1132,ITC55811
4195,ITC86013
2430,ITC57337
1396,ITC18419
4580,ITC57337
2415,ITC55811
3925,ITC18419
4569,ITC86013
3509,ITC18419
2252,ITC85886
2266,ITC55811
3440,ITC58545
3948,ITC57337
2827,ITC85886
3193,ITC55811
4821,ITC38865
1837,ITC86013
3665,ITC57337
2933,ITC58545
2093,ITC57337
4284,ITC86013
4449,ITC55811
4269,ITC38865
1078,ITC85886
1328,ITC57337
1572,ITC38865
2352,ITC86013
4816,ITC18419
1762,ITC55811
4381,ITC18419
1440,ITC18419
2116,ITC55811
1139,ITC86013
2463,ITC86013
1695,ITC86013
3503,ITC18419
4264,ITC86013
3270,ITC38865
2831,ITC86013
1926,ITC85886
3496,ITC85886
1498,ITC86013
4436,ITC86013
4707,ITC18419
3290,ITC86013
2756,ITC18419
4379,ITC55811
4604,ITC55811
4528,ITC18419
3969,ITC58545
1544,ITC57337
4034,ITC57337
1820,ITC58545
1965,ITC38865
2384,ITC85886
1193,ITC58545
4737,ITC57337
2246,ITC18419
3866,ITC57337
1882,ITC57337
2597,ITC57337
1003,ITC18419
3378,ITC58545
1961,ITC57337
4081,ITC58545
4910,ITC55811
2558,ITC55811
1744,ITC86013
3162,ITC18419
3216,ITC38865
4613,ITC55811
1676,ITC18419
3930,ITC18419
3995,ITC18419
1161,ITC55811
1717,ITC55811
2138,ITC18419
4721,ITC58545
1215,ITC58545
1428,ITC86013
4297,ITC58545
1812,ITC58545
2217,ITC86013
2378,ITC85886
4131,ITC57337
2220,ITC86013
3870,ITC85886
3689,ITC58545
1960,ITC86013
3020,ITC86013
4901,ITC18419
3787,ITC85886
4507,ITC55811
2358,ITC86013
3920,ITC38865
3729,ITC85886
2627,ITC58545
2214,ITC57337
4966,ITC58545
4183,ITC86013
3786,ITC86013
3299,ITC85886
2283,ITC58545
3904,ITC38865
3546,ITC85886
4522,ITC38865
1200,ITC86013
3789,ITC38865
1289,ITC55811
2744,ITC55811
1020,ITC38865
2486,ITC18419
3916,ITC18419
4145,ITC58545
2546,ITC55811
2968,ITC86013
4970,ITC86013
2887,ITC58545
3421,ITC85886
2871,ITC86013
4969,ITC57337
1504,ITC18419
2528,ITC18419
2479,ITC55811
4047,ITC18419
3288,ITC18419
2685,ITC86013
2114,ITC38865
3918,ITC58545
4151,ITC38865
2274,ITC55811
3695,ITC38865
3730,ITC38865
2127,ITC85886
4082,ITC86013
3630,ITC18419
1511,ITC86013
4705,ITC85886
1285,ITC58545
1938,ITC57337
1739,ITC18419
2104,ITC85886
3485,ITC55811
3563,ITC38865
1770,ITC58545
4355,ITC58545
1795,ITC85886
3636,ITC58545
4239,ITC86013
2145,ITC55811
1397,ITC18419
4142,ITC18419
2993,ITC86013
4365,ITC58545
2860,ITC18419
3583,ITC58545
1492,ITC18419
2506,ITC85886
2520,ITC55811
4080,ITC18419
3133,ITC18419
4570,ITC38865
4840,ITC86013
2710,ITC57337
3317,ITC85886
1309,ITC86013
4412,ITC55811
3397,ITC58545
3767,ITC85886
4333,ITC58545
3796,ITC58545
2967,ITC85886
1842,ITC58545
1626,ITC58545
1478,ITC38865
1425,ITC55811
2739,ITC18419
3049,ITC58545
3217,ITC55811
4879,ITC58545
4813,ITC58545
2919,ITC58545
4193,ITC18419
4850,ITC58545
2572,ITC38865
3342,ITC57337
4849,ITC57337
3107,ITC18419
2192,ITC58545
3191,ITC18419
2526,ITC58545
3005,ITC55811
4270,ITC38865
2797,ITC86013
3813,ITC18419
2783,ITC57337
3280,ITC18419
2173,ITC86013
1596,ITC38865
3336,ITC85886
3244,ITC58545
3544,ITC58545
1951,ITC57337
3619,ITC85886
4868,ITC18419
2278,ITC58545
1867,ITC86013
4023,ITC86013
4210,ITC55811
1520,ITC55811
1890,ITC86013
1772,ITC85886
4331,ITC38865
2713,ITC86013
4535,ITC58545
1529,ITC86013
2141,ITC38865
4575,ITC38865
4500,ITC86013
4542,ITC58545
3721,ITC57337
4706,ITC58545
3727,ITC38865
4176,ITC18419
2038,ITC55811
4089,ITC58545
3800,ITC38865
4407,ITC18419
2269,ITC18419
2195,ITC58545
3333,ITC55811
3010,ITC85886
1989,ITC58545
1426,ITC85886
3559,ITC38865
1614,ITC18419
4857,ITC38865
3239,ITC85886
1591,ITC55811
3256,ITC38865
4447,ITC18419
3521,ITC38865
1490,ITC38865
2842,ITC18419
2897,ITC86013
4067,ITC57337
4885,ITC58545
1875,ITC38865
4949,ITC57337
2705,ITC86013
1666,ITC18419
3617,ITC38865
4483,ITC57337
4920,ITC18419
2954,ITC57337
4893,ITC38865
1383,ITC86013
1083,ITC18419
2248,ITC86013
4944,ITC18419
2862,ITC86013
2894,ITC18419
4735,ITC85886
4795,ITC58545
3843,ITC57337
3594,ITC86013
2539,ITC58545
2556,ITC58545
3498,ITC57337
3566,ITC86013
4385,ITC55811
1558,ITC55811
2299,ITC55811
4905,ITC55811
1238,ITC85886
3852,ITC55811
4908,ITC57337
3669,ITC55811
2412,ITC58545
3754,ITC57337
4141,ITC18419
2277,ITC55811
4518,ITC86013
4987,ITC85886
1619,ITC86013
1549,ITC58545
2667,ITC38865
1829,ITC18419
1376,ITC58545
2953,ITC38865
2850,ITC55811
3258,ITC55811
2332,ITC86013
3374,ITC86013
1151,ITC55811
1977,ITC86013
4013,ITC58545
2895,ITC85886
3215,ITC57337
2461,ITC38865
4618,ITC86013
1653,ITC38865
1749,ITC58545
1064,ITC38865
3019,ITC57337
4801,ITC38865
3172,ITC85886
3341,ITC85886
1798,ITC55811
4454,ITC58545
2935,ITC86013
1102,ITC38865
3293,ITC55811
1186,ITC86013
3338,ITC18419
1978,ITC57337
1849,ITC18419
3840,ITC58545
2425,ITC57337
2345,ITC18419
4070,ITC85886
3804,ITC58545
2594,ITC57337
4521,ITC38865
1836,ITC58545
3439,ITC86013
2661,ITC18419
4763,ITC55811
1700,ITC58545
3272,ITC18419
3418,ITC86013
1585,ITC38865
1707,ITC38865
2088,ITC85886
3253,ITC57337
2849,ITC86013
3461,ITC58545
1805,ITC85886
4072,ITC58545
1794,ITC55811
4714,ITC38865
3185,ITC38865
1915,ITC55811
2753,ITC58545
3854,ITC55811
3099,ITC58545
2149,ITC58545
4167,ITC85886
3407,ITC58545
1343,ITC18419
3234,ITC38865
2638,ITC86013
1895,ITC86013
3057,ITC18419
1947,ITC55811
3127,ITC57337
4206,ITC18419
1447,ITC18419
1877,ITC58545
1935,ITC18419
3817,ITC18419
1686,ITC55811
1262,ITC85886
1747,ITC86013
4872,ITC85886
4164,ITC18419
3197,ITC57337
3059,ITC58545
3142,ITC55811
4181,ITC18419
4690,ITC86013
4599,ITC55811
4917,ITC85886
2567,ITC58545
3123,ITC85886
4029,ITC58545
1103,ITC38865
4383,ITC38865
3279,ITC85886
1740,ITC57337
2611,ITC57337
2259,ITC57337
1445,ITC18419
2701,ITC85886
3550,ITC86013
1369,ITC55811
4423,ITC57337
3561,ITC38865
2607,ITC57337
3660,ITC57337
3670,ITC55811
3625,ITC18419
3487,ITC86013
2803,ITC86013
4021,ITC38865
2320,ITC38865
2341,ITC86013
1180,ITC85886
3226,ITC86013
1224,ITC18419
4086,ITC18419
4963,ITC18419
2153,ITC85886
1399,ITC55811
2478,ITC18419
3367,ITC18419
3616,ITC57337
1141,ITC58545
3213,ITC38865
2533,ITC18419
2878,ITC38865
4980,ITC55811
3087,ITC38865
4730,ITC18419
4955,ITC86013
1673,ITC18419
1415,ITC55811
3514,ITC57337
3936,ITC57337
3163,ITC57337
4174,ITC85886
2826,ITC86013
1896,ITC85886
4622,ITC38865
1816,ITC86013
2720,ITC57337
3722,ITC57337
1586,ITC86013
3610,ITC86013
2387,ITC38865
3008,ITC18419
2801,ITC57337
3569,ITC55811
4948,ITC55811
3349,ITC58545
2541,ITC58545
3350,ITC58545
4974,ITC85886
4803,ITC18419
1644,ITC58545
2973,ITC86013
2863,ITC86013
2112,ITC57337
3435,ITC18419
1755,ITC18419
4772,ITC58545
3667,ITC18419
3989,ITC86013
2451,ITC38865
2411,ITC57337
3799,ITC38865
1022,ITC55811
3921,ITC38865
1522,ITC18419
1687,ITC57337
4957,ITC55811
1970,ITC55811
3155,ITC18419
1826,ITC86013
1274,ITC85886
4401,ITC86013
4880,ITC58545
4341,ITC55811
4480,ITC86013
3555,ITC57337
2183,ITC55811
3524,ITC18419
1725,ITC55811
4247,ITC57337
1246,ITC38865
3157,ITC18419
4339,ITC85886
1121,ITC86013
3889,ITC86013
4712,ITC55811
4307,ITC58545
3602,ITC86013
1209,ITC58545
4887,ITC57337
1778,ITC55811
1868,ITC18419
1942,ITC85886
3965,ITC38865
1462,ITC38865
1738,ITC85886
4011,ITC55811
1247,ITC85886
3731,ITC85886
4638,ITC58545
1642,ITC57337
3106,ITC57337
2778,ITC57337
1263,ITC58545
1879,ITC38865
4884,ITC18419
2396,ITC85886
4311,ITC58545
3780,ITC58545
2963,ITC38865
3003,ITC58545
1257,ITC38865
3753,ITC86013
3249,ITC86013
3263,ITC18419
4488,ITC85886
4578,ITC55811
2059,ITC38865
3502,ITC86013
2929,ITC58545
2674,ITC58545
2593,ITC58545
3740,ITC18419
4621,ITC18419
2132,ITC85886
4586,ITC18419
3383,ITC38865
2660,ITC58545
1548,ITC57337
2198,ITC85886
4684,ITC55811
1735,ITC18419
4830,ITC86013
3956,ITC85886
2722,ITC85886
3377,ITC38865
2199,ITC85886
2330,ITC55811
3632,ITC58545
3177,ITC55811
4653,ITC57337
3639,ITC85886
1933,ITC18419
3992,ITC58545
2686,ITC18419
3129,ITC55811
3464,ITC58545
2373,ITC38865
2725,ITC57337
1317,ITC18419
3771,ITC55811
2445,ITC85886
2302,ITC38865
2644,ITC58545
3103,ITC86013
3116,ITC38865
1166,ITC57337
1470,ITC86013
2776,ITC86013
4860,ITC85886
3618,ITC86013
2531,ITC58545
2915,ITC85886
1250,ITC86013
2621,ITC85886
2342,ITC38865
4631,ITC57337
2907,ITC55811
1249,ITC86013
4283,ITC55811
2424,ITC38865
2155,ITC86013
4271,ITC85886
1640,ITC55811
4394,ITC38865
1157,ITC55811
3792,ITC18419
2966,ITC86013
1244,ITC85886
2323,ITC86013
1433,ITC55811
1034,ITC57337
2562,ITC38865
4925,ITC38865
3081,ITC55811
3849,ITC86013
3238,ITC18419
4458,ITC18419
2522,ITC58545
2626,ITC86013
1791,ITC38865
1402,ITC57337
2279,ITC58545
1650,ITC18419
3839,ITC58545
1694,ITC38865
3628,ITC85886
3115,ITC58545
2806,ITC86013
3895,ITC18419
3033,ITC18419
2025,ITC57337
3444,ITC38865
4490,ITC38865
1891,ITC57337
4422,ITC18419
1387,ITC58545
1810,ITC86013
1101,ITC55811
1712,ITC86013
4654,ITC58545
3457,ITC57337
1129,ITC18419
4715,ITC86013
2619,ITC57337
2994,ITC18419
2858,ITC85886
1966,ITC86013
1645,ITC55811
2395,ITC86013
3376,ITC86013
1297,ITC18419
1563,ITC58545
4775,ITC38865
4865,ITC86013
1840,ITC18419
4615,ITC85886
2098,ITC38865
4055,ITC86013
4329,ITC85886
3110,ITC86013
1179,ITC18419
1350,ITC86013
3030,ITC58545
2853,ITC58545
1809,ITC18419
4650,ITC85886
1413,ITC57337
1797,ITC58545
3820,ITC18419
1169,ITC38865
2737,ITC57337
2823,ITC86013
3382,ITC55811
1925,ITC18419
1134,ITC85886
1657,ITC18419
2094,ITC55811
4211,ITC38865
4046,ITC85886
3359,ITC38865
4956,ITC18419
1393,ITC18419
2898,ITC38865
3887,ITC38865
1418,ITC57337
1082,ITC55811
4404,ITC58545
3941,ITC58545
3466,ITC58545
4200,ITC38865
4770,ITC85886
3565,ITC58545
1813,ITC57337
3171,ITC18419
2949,ITC55811
4617,ITC57337
2921,ITC57337
4786,ITC55811
4771,ITC55811
3477,ITC55811
2123,ITC18419
1294,ITC18419
4846,ITC58545
1689,ITC18419
4435,ITC86013
3901,ITC55811
3277,ITC58545
4135,ITC85886
1400,ITC55811
2457,ITC38865
3725,ITC85886
3065,ITC85886
2026,ITC58545
2901,ITC18419
4991,ITC55811
2662,ITC38865
2339,ITC57337
1147,ITC38865
4897,ITC57337
3533,ITC38865
4802,ITC55811
1607,ITC86013
3146,ITC58545
1266,ITC58545
2174,ITC86013
3366,ITC38865
1519,ITC55811
4823,ITC85886
1019,ITC18419
2350,ITC18419
4465,ITC58545
1852,ITC38865
4649,ITC58545
1716,ITC18419
2726,ITC18419
1089,ITC18419
4208,ITC38865
3150,ITC58545
3606,ITC57337
4066,ITC86013
2637,ITC18419
3007,ITC57337
2482,ITC55811
2027,ITC38865
3083,ITC58545
4973,ITC18419
4126,ITC58545
4132,ITC58545
3834,ITC18419
4290,ITC18419
1521,ITC58545
1314,ITC18419
4318,ITC58545
1201,ITC18419
3626,ITC55811
1568,ITC18419
1898,ITC18419
3805,ITC58545
4961,ITC55811
4791,ITC86013
4140,ITC86013
4248,ITC18419
3785,ITC38865
2036,ITC85886
2303,ITC58545
3696,ITC18419
4739,ITC38865
1569,ITC85886
4561,ITC38865
3278,ITC38865
4926,ITC55811
4256,ITC58545
1860,ITC58545
3105,ITC57337
2024,ITC38865
1964,ITC85886
4983,ITC86013
3320,ITC85886
2802,ITC58545
1589,ITC38865
1189,ITC38865
4237,ITC38865
4062,ITC58545
2388,ITC85886
1453,ITC58545
4673,ITC58545
2820,ITC85886
4250,ITC58545
2308,ITC85886
2828,ITC86013
3541,ITC38865
4481,ITC18419
3218,ITC18419
3823,ITC85886
3706,ITC18419
2773,ITC85886
3158,ITC86013
2258,ITC58545
4443,ITC86013
2180,ITC58545
1506,ITC55811
2931,ITC86013
1525,ITC38865
1288,ITC58545
3403,ITC58545
3482,ITC57337
1530,ITC85886
3149,ITC85886
4370,ITC85886
4402,ITC55811
2177,ITC55811
1592,ITC55811
2987,ITC18419
2213,ITC58545
4663,ITC86013
1745,ITC86013
4995,ITC58545
1036,ITC57337
3233,ITC86013
4520,ITC55811
1496,ITC86013
3994,ITC86013
4534,ITC55811
2812,ITC18419
4659,ITC85886
3243,ITC86013
1471,ITC57337
1268,ITC58545
2697,ITC18419
2559,ITC18419
4870,ITC58545
3125,ITC18419
3990,ITC58545
1871,ITC38865
2917,ITC85886
3943,ITC38865
1227,ITC18419
3131,ITC86013
3448,ITC55811
4188,ITC57337
4168,ITC55811
3136,ITC18419
4854,ITC57337
1434,ITC55811
4758,ITC58545
2334,ITC85886
1487,ITC85886
2923,ITC55811
1423,ITC38865
2126,ITC86013
3314,ITC58545
3733,ITC57337
4491,ITC58545
2414,ITC55811
3714,ITC57337
1070,ITC85886
3422,ITC38865
1260,ITC18419
2161,ITC85886
2717,ITC85886
1066,ITC55811
3381,ITC86013
3964,ITC55811
1338,ITC85886
4930,ITC85886
3530,ITC58545
4709,ITC55811
4472,ITC18419
2628,ITC18419
3126,ITC86013
4317,ITC86013
2791,ITC86013
2423,ITC38865
4900,ITC55811
1680,ITC55811
1059,ITC57337
1071,ITC18419
2892,ITC58545
3223,ITC86013
1681,ITC85886
1359,ITC38865
1258,ITC86013
4241,ITC18419
2354,ITC18419
3335,ITC57337
3040,ITC85886
3627,ITC85886
1446,ITC18419
2965,ITC18419
2605,ITC86013
1057,ITC86013
2603,ITC85886
4005,ITC55811
3108,ITC55811
3024,ITC57337
3536,ITC57337
2651,ITC38865
3362,ITC86013
3826,ITC86013
4209,ITC38865
2576,ITC85886
1005,ITC57337
1300,ITC38865
1556,ITC86013
2886,ITC57337
3576,ITC86013
2866,ITC86013
4630,ITC86013
1243,ITC55811
4514,ITC85886
1579,ITC85886
4978,ITC18419
1956,ITC38865
3372,ITC85886
2748,ITC58545
4904,ITC18419
4374,ITC85886
4815,ITC57337
4517,ITC85886
1560,ITC38865
4279,ITC85886
2442,ITC85886
1272,ITC57337
4562,ITC55811
3425,ITC55811
3678,ITC58545
4674,ITC86013
2668,ITC55811
3631,ITC38865
1124,ITC55811
2497,ITC85886
3874,ITC18419
2322,ITC85886
1352,ITC55811
3932,ITC57337
2591,ITC55811
4451,ITC57337
4093,ITC38865
4143,ITC57337
2679,ITC86013
3624,ITC55811
1310,ITC57337
4083,ITC18419
1469,ITC38865
3933,ITC18419
2881,ITC18419
1084,ITC38865
1267,ITC86013
3970,ITC85886
3825,ITC85886
3000,ITC86013
2615,ITC38865
1284,ITC86013
1255,ITC85886
3991,ITC58545
2137,ITC58545
1552,ITC38865
2121,ITC57337
3777,ITC38865
4732,ITC38865
1219,ITC18419
4278,ITC38865
2296,ITC86013
2197,ITC38865
4824,ITC57337
4639,ITC58545
2456,ITC58545
1221,ITC57337
3431,ITC57337
3080,ITC85886
4590,ITC18419
4703,ITC85886
3607,ITC58545
4587,ITC55811
2417,ITC86013
